ClipID,binary_label
1100011002,1
1100011003,1
1100011004,1
1100011005,1
1100011006,1
1100011007,1
1100011008,1
1100011009,1
1100011010,1
1100011011,1
1100011012,1
1100011013,1
1100011014,1
1100011015,1
1100011016,1
1100011017,1
1100011018,1
1100011019,1
1100011020,1
1100011021,1
1100011022,1
1100011023,1
1100011025,1
1100011026,1
1100011027,1
1100011028,1
1100011029,1
1100011031,1
1100011032,1
1100011034,1
1100011035,1
1100011037,1
1100011038,1
1100011040,1
1100011046,1
1100011047,1
1100011048,1
1100011049,1
1100011050,1
1100011051,1
1100011052,1
1100011053,1
1100011054,1
1100011055,1
1100011056,1
1100011057,1
1100011058,1
1100011059,1
1100011060,1
1100011062,1
1100011063,1
1100011064,1
1100011066,1
1100011067,1
1100011068,1
1100011069,1
1100011070,1
1100011071,1
1100011072,1
1100011073,1
1100011075,1
1100011076,1
1100011078,1
1100011079,1
1100011080,1
1100011081,1
1100011082,1
1100011083,1
1100012001,1
1100012003,1
1100012007,1
1100012008,1
1100012009,1
1100012010,1
1100012011,1
1100012013,1
1100012014,1
1100012015,1
1100012016,1
1100012017,1
1100012018,1
1100012021,1
1100012022,1
1100012023,1
1100012025,1
1100012026,1
1100012027,1
1100012028,1
1100012030,1
1100012031,1
1100012032,1
1100012033,1
1100012036,1
1100012037,1
1100012038,1
1100012041,1
1100012042,1
1100012045,1
1100012046,1
1100012047,1
1100012049,1
1100012050,1
1100012051,1
1100012052,1
1100012057,1
1100012059,1
1100012060,1
1100012061,1
1100012062,1
1100012063,1
1100012064,1
1100012065,1
1100012066,1
1100012069,1
1100021001,1
1100021003,0
1100021015,1
1100021038,1
1100021039,1
1100021040,1
1100021045,1
1100021050,1
1100021055,0
1100022001,1
1100022002,1
1100022003,1
1100022004,1
1100022005,0
1100022008,1
1100022009,1
1100022014,1
1100022019,1
1100022020,1
1100022021,1
1100022022,1
1100022026,1
1100022027,1
1100022028,1
1100022029,1
1100022031,1
1100022035,1
1100022038,1
1100022039,1
1100022045,1
1100022046,1
1100022047,1
1100022048,1
1100022049,1
1100022051,1
1100022052,1
1100022053,1
1100022054,1
1100022055,1
1100022056,1
1100022057,1
1100041006,1
1100041015,1
1100041016,1
1100041017,1
1100041018,1
1100041021,1
1100041022,1
1100041023,1
1100041024,1
1100041029,1
1100041034,1
1100041044,1
1100041051,1
1100041052,1
1100042009,1
1100042010,1
1100042011,1
1100042017,1
1100042018,1
1100042019,1
1100042020,1
1100042023,0
1100042024,1
1100042025,1
1100042026,0
1100042029,1
1100042030,1
1100042031,1
1100042034,1
1100042040,1
1100042041,1
1100042058,1
1100042059,1
1100042060,1
1100051002,1
1100051004,1
1100051006,1
1100051007,0
1100051008,1
1100051009,1
1100051011,1
1100051012,1
1100051013,1
1100051014,1
1100051016,0
1100051017,1
1100051019,1
1100051020,1
1100051021,1
1100051022,1
1100051023,1
1100051024,1
1100051025,1
1100051026,1
1100051028,1
1100051029,1
1100051030,0
1100051031,0
1100051032,1
1100051033,1
1100051034,1
1100051035,1
1100051036,1
1100051037,1
1100051039,1
1100051041,1
1100051042,1
1100051044,1
1100051045,1
1100051046,1
1100051048,1
1100051049,1
1100051050,1
1100051051,1
1100051052,1
1100051053,0
1100051054,1
1100051055,1
1100051056,1
1100051057,1
1100051059,1
1100051061,1
1100051062,1
1100051064,1
1100051065,1
1100051066,1
1100051067,1
1100051068,1
1100051071,1
1100051076,1
1100051078,1
1100051079,1
1100052001,1
1100052002,1
1100052006,1
1100052007,1
1100052008,1
1100052009,1
1100052014,0
1100052023,1
1100052024,1
1100052026,1
1100052027,1
1100052028,1
1100052030,1
1100052031,1
1100052032,1
1100052033,1
1100052035,1
1100052036,1
1100052037,1
1100052038,1
1100052039,1
1100052040,1
1100052041,1
1100052047,1
1100052048,1
1100052049,1
1100052051,1
1100052055,1
1100052057,1
1100052060,1
1100052061,1
1100052062,1
1100052065,1
1100052068,1
1100052070,1
1100061009,1
1100061010,1
1100061011,1
1100061012,1
1100061013,1
1100061015,1
1100061016,1
1100061018,1
1100061019,1
1100061022,1
1100061023,1
1100061025,1
1100061027,1
1100061028,1
1100061030,1
1100061031,1
1100061032,1
1100061033,1
1100061034,1
1100061035,1
1100061036,1
1100061038,1
1100061039,1
1100061040,1
1100061042,1
1100061043,1
1100061044,1
1100061046,1
1100061047,1
1100061048,1
1100061049,1
1100061050,1
1100061051,1
1100061053,1
1100061057,1
1100061058,1
1100061061,1
1100061063,1
1100061064,1
1100061067,1
1100061068,1
1100061069,1
1100061073,1
1100061074,1
1100061077,1
1100061078,1
1100062004,1
1100062005,1
1100062007,1
1100062008,0
1100062009,1
1100062016,1
1100062017,1
1100062024,1
1100062028,1
1100062029,1
1100062036,1
1100062037,1
1100062044,1
1100062045,0
1100062046,1
1100062049,0
1100062051,1
1100062053,1
1100062054,1
1100062059,1
1100062060,1
1100062061,1
1100062062,1
1100062063,1
1100062064,1
1100062065,1
1100062066,1
1100062067,1
1100062068,1
1100062069,1
1100062070,1
1100062071,1
1100062072,1
1100071005,1
1100071006,1
1100071007,1
1100071008,1
1100071009,1
1100071010,1
1100071011,1
1100071012,1
1100071013,1
1100071014,1
1100071015,1
1100071016,1
1100071017,1
1100071018,1
1100071019,1
1100071020,1
1100071021,1
1100071022,1
1100071023,1
1100071024,1
1100071026,1
1100071027,1
1100071028,1
1100071029,1
1100071030,1
1100071031,1
1100071032,1
1100071033,1
1100071034,1
1100071035,1
1100071036,1
1100071037,1
1100071040,1
1100071041,1
1100071042,1
1100071043,1
1100071044,1
1100071045,1
1100071046,1
1100071047,1
1100071049,1
1100071050,1
1100071052,1
1100071054,1
1100071055,1
1100071056,1
1100071057,1
1100071058,1
1100071059,1
1100071060,1
1100071061,1
1100071062,1
1100071063,1
1100071064,1
1100071065,1
1100071066,1
1100071067,1
1100071069,1
1100071070,1
1100071071,1
1100071072,1
1100071073,1
1100071074,1
1100071075,1
1100071076,1
1100071077,1
1100071078,1
1100071079,1
1100071080,1
1100071081,1
1100072001,1
1100072002,1
1100072003,1
1100072004,1
1100072006,1
1100072007,1
1100072008,1
1100072009,1
1100072010,1
1100072011,1
1100072012,1
1100072013,1
1100072014,1
1100072015,1
1100072016,1
1100072021,1
1100072022,1
1100072023,1
1100072024,1
1100072027,1
1100072028,1
1100072029,1
1100072030,1
1100072031,1
1100072032,1
1100072033,1
1100072034,1
1100072036,1
1100072037,1
1100072038,1
1100072039,1
1100072040,1
1100072042,1
1100072043,1
1100072045,1
1100072047,1
1100072048,1
1100072049,1
1100072050,1
1100072051,1
1100072052,1
1100072053,1
1100072054,1
1100072056,1
1100072057,1
1100072058,1
1100072059,1
1100072060,1
1100072061,1
1100072062,1
1100072063,1
1100072065,1
1100072066,1
1100072067,1
1100072068,1
1100072069,1
1100072070,1
1100072071,1
1100072072,1
1100072073,1
1100072074,1
1100072075,1
1100072076,1
1100072077,1
1100072078,1
1100072079,1
1100072080,1
1100072081,1
1100072082,1
1100072083,1
1100072084,1
1100072085,1
1100081044,1
1100081045,1
1100081046,1
1100081047,1
1100081048,1
1100082002,1
1100082003,1
1100082018,1
1100082027,1
1100102003,1
1100111001,1
1100111002,1
1100111003,1
1100111008,1
1100111009,1
1100111010,1
1100111011,1
1100111012,1
1100111013,1
1100111014,1
1100111016,1
1100111017,1
1100111018,1
1100111019,1
1100111021,1
1100111023,1
1100111025,1
1100111026,1
1100111027,1
1100111029,1
1100111030,1
1100111032,1
1100112001,1
1100112002,0
1100112003,1
1100112004,1
1100112006,0
1100112007,1
1100112008,1
1100112009,1
1100112010,1
1100112011,1
1100112012,1
1100112013,1
1100112014,1
1100112015,1
1100112016,1
1100112017,1
1100112018,1
1100112021,1
1100112022,1
1100112024,1
1100112025,1
1100112026,1
1100112029,1
1100112030,1
1100112033,1
1100112035,1
1100112036,1
1100112037,1
1100112038,1
1100112039,1
1100112040,1
1100112041,1
1100112042,1
1100112043,1
1100112044,1
1100112045,1
1100112047,1
1100112048,1
1100112051,1
1100112052,1
1100112053,1
1100112056,1
1100112057,1
1100112058,1
1100112059,1
1100112060,1
1100112061,1
1100112062,1
1100112063,1
1100112064,1
1100112065,1
1100112066,1
1100112068,1
1100121002,1
1100121003,1
1100121004,1
1100121005,1
1100121006,1
1100121007,1
1100121008,1
1100121009,1
1100121010,1
1100121011,1
1100121012,1
1100121015,1
1100121016,1
1100121017,1
1100121018,1
1100121019,1
1100121020,1
1100121024,1
1100121025,1
1100121028,1
1100121031,1
1100121032,1
1100121033,1
1100121034,1
1100121035,1
1100121036,1
1100121038,1
1100121040,1
1100121041,1
1100121042,1
1100121044,1
1100121045,1
1100121047,1
1100121049,1
1100121050,1
1100121052,1
1100121053,1
1100121054,1
1100121056,1
1100121057,1
1100121059,1
1100121060,1
1100121061,1
1100121064,1
1100122001,1
1100122002,1
1100122003,1
1100122005,1
1100122006,1
1100122007,1
1100122008,1
1100122009,1
1100122010,1
1100122011,1
1100122012,1
1100122013,1
1100122014,1
1100122015,1
1100122017,1
1100122018,1
1100122019,1
1100122020,1
1100122021,1
1100122023,1
1100122024,1
1100122025,1
1100122026,1
1100122031,1
1100122032,1
1100122033,1
1100122034,1
1100122035,1
1100122036,1
1100122037,1
1100122038,1
1100122039,1
1100122040,1
1100122041,1
1100122045,1
1100122047,1
1100122048,1
1100122050,1
1100122051,1
1100122052,1
1100122053,1
1100122054,1
1100122056,0
1100131006,1
1100131007,1
1100131009,1
1100131010,1
1100131011,1
1100131012,1
1100131017,0
1100131019,1
1100141001,1
1100141002,1
1100141003,1
1100141004,1
1100141005,1
1100141006,1
1100141007,1
1100141008,1
1100141009,1
1100141010,1
1100141011,1
1100141012,1
1100141013,0
1100141014,1
1100141015,1
1100141016,1
1100141017,1
1100141019,1
1100141020,1
1100141021,1
1100141023,1
1100141027,0
1100141028,1
1100141029,1
1100141030,1
1100141031,1
1100141032,1
1100141033,1
1100141034,1
1100141035,1
1100141036,1
1100141039,1
1100141040,1
1100141042,1
1100141044,1
1100141045,1
1100141046,1
1100141049,1
1100141050,1
1100141052,1
1100141053,1
1100141054,1
1100141055,1
1100141056,1
1100141057,1
1100142002,1
1100142003,1
1100142004,1
1100142007,1
1100142008,1
1100142009,1
1100142010,1
1100142011,1
1100142013,1
1100142014,1
1100142015,1
1100142017,1
1100142018,1
1100142019,1
1100142021,1
1100142022,1
1100142023,1
1100142024,1
1100142027,1
1100142028,1
1100142029,1
1100142030,1
1100142031,1
1100142032,1
1100142033,0
1100142034,1
1100142035,1
1100142038,1
1100142041,1
1100142043,1
1100142044,1
1100142045,1
1100142046,1
1100142048,1
1100142049,1
1100142050,1
1100142051,1
1100142052,1
1100142053,1
1100142056,1
1100142057,1
1100142058,1
1100142059,1
1100142060,1
1100151003,1
1100151004,1
1100151008,1
1100151009,1
1100151010,1
1100151011,0
1100151012,1
1100151013,1
1100151014,1
1100151015,1
1100151016,1
1100151017,1
1100151018,1
1100151019,1
1100151020,1
1100151021,1
1100151022,1
1100151023,1
1100151024,1
1100151028,1
1100151030,1
1100151032,1
1100151033,1
1100151035,1
1100151037,1
1100151038,1
1100151039,1
1100151040,1
1100151042,1
1100151043,1
1100151044,1
1100151047,1
1100151049,1
1100151050,1
1100151051,1
1100151052,1
1100151054,1
1100151055,1
1100151056,1
1100151057,0
1100151058,1
1100151062,1
1100152001,1
1100152004,1
1100152005,1
1100152006,1
1100152008,1
1100152009,1
1100152010,0
1100152013,1
1100152014,1
1100152015,1
1100152017,0
1100152019,1
1100152020,1
1100152022,1
1100152024,1
1100152025,1
1100152026,1
1100152027,1
1100152031,0
1100152032,1
1100152039,1
1100152040,1
1100152041,1
1100152042,1
1100152043,1
1100152048,1
1100152049,1
1100152050,1
1100152051,1
1100152055,0
1100152056,1
1100152061,1
1100152062,1
1100152067,1
1100152069,1
1100152070,0
1100161002,1
1100161004,1
1100161011,1
1100161012,1
1100161013,1
1100161014,1
1100161015,1
1100161016,1
1100161020,1
1100161021,1
1100161022,1
1100161023,1
1100161028,1
1100161029,1
1100161032,1
1100161035,1
1100161036,1
1100161038,1
1100161039,1
1100161041,1
1100161043,1
1100161044,1
1100161045,1
1100161046,1
1100161048,1
1100161050,1
1100161053,0
1100162005,0
1100162007,1
1100162011,1
1100162016,0
1100171001,1
1100171002,1
1100171004,0
1100171005,1
1100171007,1
1100171008,0
1100171009,1
1100171010,1
1100171011,1
1100171012,1
1100171013,1
1100171015,1
1100171016,1
1100171017,1
1100171019,1
1100171021,1
1100171022,1
1100171023,1
1100171031,1
1100171035,1
1100171036,1
1100171038,1
1100171039,1
1100171040,1
1100171041,1
1100171043,1
1100171045,1
1100171049,1
1100171055,1
1100171056,1
1100171057,1
1100171059,0
1100171061,1
1100171063,1
1100171064,1
1100171065,1
1100171067,1
1100171069,1
1100171070,1
1100171071,1
1100171072,1
1100171073,1
1100171074,1
1100171075,1
1100171076,1
1100171077,1
1100171078,1
1100171080,1
1100171083,1
1100172003,1
1100172004,1
1100172007,1
1100172012,0
1100172013,1
1100172014,1
1100172015,1
1100172016,1
1100172017,0
1100172018,1
1100172020,1
1100172021,1
1100172022,1
1100172026,1
1100172028,1
1100172030,1
1100172032,1
1100172033,0
1100172034,0
1100172035,1
1100172037,1
1100172039,1
1100172042,1
1100172043,0
1100172047,1
1100172050,1
1100172058,0
1100172063,1
1100172066,1
1100411010,1
1100411011,1
1100411012,1
1100411013,1
1100411015,1
1100411016,1
1100411018,1
1100411020,1
1100411023,1
1100411036,1
1100411041,1
1100411045,1
1100411047,1
1100411048,1
1100411049,1
1100411050,1
1100411051,1
1100411053,1
1100411054,1
1100411055,1
1100411057,1
1100412001,1
1100412003,1
1100412010,1
1100412018,0
1100412033,0
1100412038,1
1100412039,0
1100412040,1
1110031003,1
1110031007,1
1110031010,0
1110031011,1
1110031012,1
1110031014,1
1110031019,1
1110031020,1
1110031021,1
1110031025,0
1110031027,0
1110031031,1
1110031033,0
1110031037,1
1110031038,0
1110031039,1
1110031040,1
1110031042,1
1110031048,1
1110031049,1
1110031050,1
1110031056,0
1110031061,1
1110031062,1
1110031063,0
1110031064,1
1110031065,1
1110032002,1
1110032004,1
1110032006,1
1110032008,1
1110032010,1
1110032014,0
1110032015,1
1110032018,1
1110032019,1
1110032020,1
1110032021,1
1110032022,1
1110032023,1
1110032024,1
1110032025,1
1110032027,0
1110032029,1
1110032031,1
1110032032,1
1110032033,1
1110032034,1
1110032036,1
1110032037,1
1110032042,1
1110032043,0
1110032045,1
1110032047,1
1110032048,1
1110032049,1
1110032050,1
1110032051,1
1110032052,1
1110032053,1
1110032055,1
1110032056,1
1110032058,1
1110032059,1
1110032060,1
1110032061,1
1110032062,1
1110032063,1
1813740111,1
1813740112,1
1813740115,1
1813740116,1
1813740118,1
1813740119,1
1813740122,1
1813740123,1
1813740124,1
1813740126,1
1813740127,1
1813740128,1
1813740131,1
1813740133,1
1813740135,1
1813740137,1
1813740138,0
1813740143,1
1813740144,1
1813740149,1
181374015,1
1813740150,1
1813740153,1
1813740155,1
1813740157,1
1813740159,1
181374016,1
1813740162,1
1813740164,1
1813740165,1
1813740167,1
1813740168,1
1813740169,1
181374017,1
1813740171,1
1813740172,1
1813740173,1
1813740174,1
1813740176,1
1813740178,1
1813740179,1
1813740180,1
1813740181,1
1813740182,1
1813740183,1
1813740184,0
1813740185,0
181374019,1
1813740210,1
1813740211,1
1813740212,1
1813740213,1
1813740214,1
1813740218,1
1813740219,1
1813740220,1
1813740221,1
1813740224,1
1813740225,1
1813740226,1
1813740227,1
1813740229,1
181374023,1
1813740231,1
1813740232,1
1813740233,1
1813740234,1
1813740235,1
1813740236,1
1813740237,1
1813740238,1
181374024,1
1813740240,1
1813740241,1
1813740242,1
1813740243,1
1813740245,1
1813740249,1
181374025,1
1813740250,1
1813740251,1
1813740252,1
1813740253,1
1813740255,1
1813740256,1
1813740257,1
1813740258,1
1813740259,1
181374026,1
1813740260,1
1813740261,1
1813740262,1
1813740263,1
1813740264,1
1813740265,1
1813740266,1
1813740267,1
1813740268,1
1813740269,1
181374027,1
1813740270,1
1813740271,1
1813740272,1
1813740273,1
1813740274,1
1813740275,1
1813740276,1
1813740277,1
1813740278,1
1813740279,1
181374028,1
181374029,1
2000481035,1
2000481036,1
2000481037,1
2000481038,1
2000481039,1
2000481040,1
2000481041,1
2000481043,1
2000481048,1
2000482008,1
2000482009,1
2000482012,1
2000482018,1
2000482021,1
2000482034,1
2000482037,1
2000482038,1
2000482039,1
2000482041,1
2000482042,1
2000482043,1
2000482044,1
2000482049,1
2000482050,1
2000482052,1
2000482059,1
2000482065,1
2000482066,1
2000482067,1
2000482068,1
2000482070,1
2000491062,1
2000491064,1
2000491065,1
2000491066,1
2000491067,1
2000491068,1
2000491070,1
2000491072,1
2000491074,1
2000491075,1
2000491076,1
2000491077,0
2000491078,1
2000491079,1
2000501001,1
2000501002,1
2000501003,1
2000501004,1
2000501006,0
2000501009,1
2000501010,1
2000501011,1
2000501012,1
2000501014,1
2000501015,1
2000501016,1
2000501018,1
2000501019,1
2000501020,1
2000501021,1
2000501023,1
2000501027,1
2000501028,1
2000501030,0
2000501031,1
2000501032,1
2000501033,1
2000501035,1
2000501036,1
2000501037,1
2000501038,1
2000501039,1
2000501040,1
2000501041,1
2000501042,1
2000501043,1
2000501044,1
2000501045,1
2000501046,1
2000501049,1
2000501050,1
2000501051,1
2000501052,1
2000501053,1
2000501054,1
2000501056,1
2000501057,1
2000501060,1
2000501061,1
2000501062,1
2000501063,1
2000501065,1
2000501066,1
2000501067,1
2000501071,1
2000501074,1
2000501075,1
2000501076,1
2000501078,1
2000502002,1
2000502005,1
2000502006,1
2000502007,1
2000502009,1
2000502010,1
2000502012,1
2000502013,1
2000502014,1
2000502015,1
2000502019,1
2000502020,1
2000502023,1
2000502025,1
2000502033,1
2000502036,1
2000502037,1
2000502039,1
2000502040,1
2000502041,1
2000502043,1
2000502044,1
2000502045,1
2000502047,1
2000502048,1
2000502049,1
2000502050,1
2000502051,1
2000502053,0
2000502054,1
2000502055,1
2000502056,1
2000502057,1
2000502058,1
2000502059,1
2000502061,1
2000502062,1
2000502063,1
2000502065,0
2000502066,1
2000502067,1
2000502069,1
2000502070,1
2000502072,1
2000502073,1
2000502075,1
2000502076,1
2000502077,1
2000502078,1
2000502081,0
2000502084,1
2000502087,1
2000502088,1
2000502090,1
2000541001,1
2000541002,1
2000541003,1
2000541006,1
2000541007,1
2000541010,1
2000541011,1
2000541014,1
2000541015,1
2000541016,1
2000541018,1
2000541019,1
2000541020,1
2000541021,1
2000541022,1
2000541023,1
2000541024,1
2000541025,1
2000541027,1
2000541028,1
2000541029,1
2000541030,1
2000541031,1
2000541032,1
2000541034,1
2000541035,1
2000541038,1
2000541039,1
2000541040,1
2000541041,1
2000541043,1
2000541044,1
2000541045,1
2000541046,1
2000541049,1
2000541050,1
2000541051,1
2000541052,1
2000541053,1
2000541054,1
2000541055,1
2000541056,1
2000541057,1
2000541059,1
2000541062,1
2000541064,1
2000541066,1
2000541067,1
2000541068,1
2000541069,1
2000541070,1
2000541071,1
2000541072,1
2000541073,1
2000541074,1
2000541075,1
2000541076,1
2000541077,1
2000541079,1
2000541080,1
2000541081,1
2000542001,1
2000542002,1
2000542007,1
2000542008,1
2000542009,1
2000542010,1
2000542013,1
2000542015,1
2000542016,1
2000542021,1
2000542022,1
2000542025,1
2000542026,1
2000542027,1
2000542029,1
2000542030,1
2000542032,1
2000542033,1
2000542034,1
2000542035,1
2000542036,1
2000542042,1
2000542049,1
2000542050,1
2000542051,1
2000542052,1
2000542054,1
2000542056,1
2026140111,1
2026140113,1
2026140116,1
2026140117,1
2026140118,1
2026140119,1
2026140120,1
2026140122,1
2026140124,1
2026140125,1
2026140126,1
2026140128,1
2026140129,1
2026140130,1
2026140131,1
2026140133,1
2026140134,1
2026140135,1
2026140138,1
2026140141,1
2026140145,1
2026140147,1
2026140149,1
202614015,1
2026140151,1
2026140154,1
2026140158,1
2026140159,1
202614016,1
2026140160,1
2026140161,1
2026140165,1
2026140169,1
202614017,1
2026140170,1
2026140172,1
202614018,1
202614019,1
202614020,1
202614021,1
2026140210,1
2026140212,1
2026140213,1
2026140220,1
2026140221,1
2026140223,1
2026140224,1
2026140225,1
202614023,1
2026140230,1
2026140233,1
2026140236,1
2026140237,1
2026140239,1
2026140241,1
2026140243,1
2026140246,1
2026140247,1
2026140249,1
202614025,1
2026140250,1
2026140253,1
2026140254,1
2026140255,1
2026140257,0
2026140259,1
2026140260,1
2026140263,1
2026140264,0
2026140272,1
2026140273,0
2026140275,1
2026140276,1
2026140277,1
2026140279,1
2026140281,1
202614029,1
205601011,1
2056010112,1
2056010113,1
2056010114,1
2056010116,1
2056010118,1
2056010119,1
205601012,1
2056010120,1
2056010122,1
2056010123,1
2056010124,1
2056010126,1
2056010130,1
2056010133,1
2056010134,0
2056010136,1
2056010137,1
2056010139,1
2056010141,1
2056010142,1
2056010148,1
2056010149,1
2056010153,1
2056010155,1
2056010156,1
2056010157,1
205601016,1
2056010160,1
2056010162,1
2056010164,1
2056010165,1
2056010167,1
205601017,1
205601018,1
2056010210,1
2056010212,1
2056010213,1
2056010214,1
2056010215,1
2056010218,1
2056010219,1
2056010222,1
2056010224,0
2056010225,1
2056010226,1
2056010228,1
2056010229,1
2056010230,1
2056010232,1
2056010233,1
2056010234,1
2056010235,1
2056010236,1
2056010238,1
2056010239,1
205601024,1
2056010240,1
2056010241,1
2056010242,1
2056010244,1
2056010245,1
2056010247,1
2056010249,1
205601025,1
2056010250,1
2056010252,1
2056010253,1
2056010254,1
2056010255,1
2056010258,1
2056010260,1
2056010261,1
2056010262,1
2056010263,1
2056010265,1
2056010267,1
2056010269,1
205601027,1
2056010272,1
2056010274,1
2056010275,1
2056010276,1
2056010277,1
2056010279,1
205601028,1
2056010281,1
2056010283,1
2100511002,1
2100511003,1
2100511005,1
2100511008,1
2100511011,1
2100511012,1
2100511013,1
2100511015,1
2100511016,1
2100511018,1
2100511019,1
2100511024,1
2100511026,1
2100511027,1
2100511028,1
2100511031,1
2100511032,1
2100511034,1
2100511035,1
2100511036,1
2100511038,1
2100511039,1
2100511040,1
2100511044,1
2100511048,1
2100511057,1
2100511058,1
2100511059,1
2100511060,1
2100511061,1
2100511062,1
2100511063,1
2100511064,1
2100511065,1
2100511067,1
2100511069,0
2100511070,1
2100511071,1
2100511072,1
2100511073,1
2100511074,1
2100511076,1
2100511077,1
2100511078,1
2100511079,1
2100511080,1
2100511081,1
2100511082,1
2100512001,1
2100512002,1
2100512003,1
2100512006,1
2100512007,1
2100512009,1
2100512010,1
2100512011,1
2100512012,1
2100512014,1
2100512015,1
2100512016,1
2100512017,1
2100512018,1
2100512020,1
2100512021,1
2100512025,1
2100512026,1
2100512028,1
2100512029,1
2100512032,1
2100512034,1
2100512035,1
2100512036,1
2100512037,1
2100512038,1
2100512039,1
2100512041,1
2100512042,1
2100512044,1
2100512045,1
2100512051,0
2100512052,1
2100512053,1
2100512055,1
2100512057,1
2100512058,1
2100512061,1
2100512062,1
2100512063,1
2100512064,0
2100512065,1
2100521002,1
2100521005,1
2100521006,1
2100521008,1
2100521009,1
2100521010,1
2100521013,1
2100521014,1
2100521015,1
2100521016,1
2100521017,1
2100521018,1
2100521021,1
2100521022,1
2100521023,1
2100521024,1
2100521025,1
2100521026,1
2100521027,1
2100521028,1
2100521029,1
2100521030,1
2100521031,1
2100521032,0
2100521033,1
2100521034,1
2100521035,1
2100521037,1
2100521038,1
2100521039,1
2100521040,1
2100521041,1
2100521042,1
2100521043,1
2100521044,1
2100521046,1
2100521047,1
2100521048,1
2100521049,1
2100521050,1
2100521051,1
2100521052,1
2100521054,1
2100521055,1
2100521056,1
2100521057,1
2100521059,1
2100521060,1
2100521061,1
2100521062,1
2100521063,1
2100521067,1
2100521069,1
2100521070,1
2100521072,1
2100521073,1
2100521074,1
2100521075,1
2100521076,1
2100521077,1
2100521078,1
2100521079,1
2100522001,1
2100522004,1
2100522005,1
2100522006,1
2100522007,1
2100522008,1
2100522009,1
2100522010,1
2100522011,1
2100522012,1
2100522013,1
2100522018,1
2100522019,1
2100522020,1
2100522021,1
2100522023,1
2100522024,1
2100522026,1
2100522028,1
2100522031,1
2100522033,1
2100522034,1
2100522035,1
2100522036,1
2100522038,1
2100522039,1
2100522040,1
2100522041,1
2100522042,1
2100522046,1
2100522047,1
2100522048,1
2100522049,1
2100522050,1
2100522051,1
2100522052,1
2100522053,1
2100522054,1
2100522055,1
2100522056,1
2100522059,1
2100522060,1
2100522061,1
2100522062,1
2100522063,1
2100522064,1
2100522067,1
2100522068,1
2100522070,1
2100531001,1
2100531002,1
2100531003,1
2100531004,1
2100531006,1
2100531007,1
2100531008,1
2100531009,1
2100531010,1
2100531012,1
2100531013,1
2100531014,1
2100531015,1
2100531016,1
2100531017,1
2100531018,1
2100531019,1
2100531021,1
2100531022,1
2100531023,1
2100531024,1
2100531025,1
2100531026,1
2100531027,1
2100531028,1
2100531030,1
2100531031,1
2100531033,1
2100531034,1
2100531035,1
2100531036,1
2100531037,1
2100531040,1
2100531041,1
2100531042,1
2100531043,1
2100531044,1
2100531045,1
2100531047,1
2100531048,1
2100531049,1
2100531050,1
2100531051,1
2100531052,1
2100531053,1
2100531054,0
2100531055,1
2100531056,1
2100531057,1
2100531058,1
2100531059,1
2100531060,1
2100531061,1
2100531063,1
2100531064,1
2100531065,1
2100531066,1
2100531067,1
2100531068,1
2100531070,1
2100531071,1
2100531072,1
2100531073,1
2100531074,1
2100531076,1
2100531077,1
2100531078,1
2100531079,1
2100531080,1
2100531081,1
2100531082,1
2100531084,1
2100532002,1
2100532003,1
2100532004,1
2100532005,1
2100532007,1
2100532008,1
2100532010,1
2100532012,1
2100532013,1
2100532015,1
2100532016,0
2100532017,1
2100532019,1
2100532020,1
2100532022,0
2100532023,1
2100532024,1
2100532025,1
2100532026,1
2100532027,1
2100532028,1
2100532029,1
2100532030,1
2100532031,1
2100532032,1
2100532033,1
2100532034,1
2100532037,1
2100532042,1
2100532043,1
2100532044,1
2100532045,1
2100532046,1
2100532047,1
2100532048,1
2100532050,1
2100532052,1
2100532053,1
2100532054,1
2100532055,1
2100532056,1
2100532057,1
2100532058,1
2100532059,1
2100532060,1
2100532061,1
2100532062,1
2100532063,1
2100532064,1
2100532066,1
2100532067,1
2100532068,1
2100532070,1
2100532071,1
2100532072,1
2100551002,1
2100551005,0
2100551006,1
2100551007,1
2100551010,0
2100551011,1
2100551013,1
2100551014,1
2100551015,1
2100551016,1
2100551017,1
2100551018,1
2100551019,1
2100551020,1
2100551021,1
2100551022,1
2100551023,1
2100551024,1
2100551025,1
2100551027,1
2100551028,1
2100551029,1
2100551032,0
2100551033,1
2100551034,1
2100551035,0
2100551036,1
2100551037,1
2100551039,1
2100551041,1
2100551042,0
2100551043,1
2100551044,1
2100551045,1
2100551046,1
2100551049,1
2100551050,1
2100551051,1
2100551052,1
2100551053,1
2100551054,1
2100551055,1
2100551056,1
2100551057,1
2100551059,1
2100551060,1
2100551061,1
2100551062,1
2100551063,1
2100551064,1
2100551065,1
2100551066,1
2100551067,1
2100551068,1
2100551069,1
2100551071,1
2100551072,1
2100551073,1
2100551074,1
2100551075,1
2100551076,1
2100551077,1
2100551079,1
2100551080,1
2100551081,1
2100552002,1
2100552003,1
2100552004,1
2100552005,1
2100552006,1
2100552007,1
2100552008,1
2100552009,1
2100552010,1
2100552011,1
2100552012,1
2100552013,1
2100552014,1
2100552015,1
2100552016,1
2100552017,1
2100552018,1
2100552019,1
2100552021,1
2100552022,1
2100552023,1
2100552024,1
2100552025,1
2100552027,1
2100552028,1
2100552029,1
2100552030,1
2100552031,1
2100552032,1
2100552033,1
2100552034,1
2100552035,1
2100552037,1
2100552038,1
2100552039,1
2100552041,1
2100552042,1
2100552043,1
2100552044,1
2100552045,1
2100552047,1
2100552048,0
2100552051,1
2100552052,1
2100552053,1
2100552055,1
2100552057,1
2100552059,1
2100552060,1
2100552061,1
2100552062,1
2100552063,0
2100552065,1
2100552066,1
2100552068,1
2100552072,1
2100561006,1
2100561010,1
2100561011,1
2100561013,1
2100561014,1
2100561015,1
2100561016,1
2100561018,1
2100561019,1
2100561020,1
2100561021,1
2100561022,1
2100561023,1
2100561024,1
2100561027,1
2100561029,1
2100561032,1
2100561038,1
2100561043,1
2100561044,1
2100561046,1
2100561051,1
2100561052,1
2100561053,1
2100561054,1
2100561056,1
2100561057,1
2100561058,1
2100561059,1
2100561062,1
2100561063,1
2100561064,1
2100561065,1
2100561070,1
2100561071,1
2100561074,1
2100561079,1
2100562001,1
2100562002,1
2100562003,1
2100562004,1
2100562005,1
2100562007,1
2100562008,1
2100562009,1
2100562010,1
2100562011,1
2100562012,1
2100562013,1
2100562014,1
2100562015,1
2100562017,1
2100562018,1
2100562019,0
2100562020,1
2100562024,0
2100562026,1
2100562027,1
2100562029,1
2100562030,1
2100562032,1
2100562033,1
2100562034,1
2100562035,1
2100562037,1
2100562038,1
2100562039,1
2100562040,1
2100562042,1
2100562043,1
2100562044,1
2100562046,1
2100562047,1
2100562048,1
2100562049,1
2100562050,1
2100562051,1
2100562053,1
2100562054,1
2100562055,1
2100562056,1
2100562058,1
2100562059,1
2100562060,1
2100562061,1
2100571001,1
2100571002,0
2100571004,1
2100571007,0
2100571008,1
2100571009,1
2100571011,1
2100571012,1
2100571013,1
2100571015,1
2100571017,1
2100571018,1
2100571019,1
2100571020,1
2100571021,0
2100571022,1
2100571023,0
2100571024,1
2100571025,1
2100571027,1
2100571029,1
2100571030,1
2100571031,1
2100571033,1
2100571034,1
2100571036,1
2100571038,0
2100571039,1
2100571040,1
2100571041,1
2100571042,1
2100571044,0
2100571045,1
2100571046,1
2100571047,1
2100571048,1
2100571049,0
2100571050,1
2100571051,1
2100571052,1
2100571053,1
2100571055,1
2100571056,1
2100571057,1
2100571058,1
2100571061,1
2100571062,0
2100571063,1
2100571064,1
2100571065,1
2100571066,1
2100571067,1
2100571068,1
2100571069,1
2100571070,1
2100571072,1
2100571073,1
2100571074,1
2100571075,1
2100571077,1
2100571078,1
2100571079,1
2100571081,1
2100571082,1
2100572001,1
2100572002,1
2100572004,1
2100572006,1
2100572009,1
2100572010,1
2100572011,1
2100572012,1
2100572013,1
2100572015,1
2100572017,1
2100572018,1
2100572019,1
2100572020,1
2100572021,0
2100572023,1
2100572024,1
2100572025,1
2100572026,1
2100572027,1
2100572028,1
2100572029,1
2100572030,1
2100572032,1
2100572033,1
2100572034,1
2100572036,1
2100572038,1
2100572039,1
2100572040,1
2100572041,1
2100572042,1
2100572043,1
2100572044,1
2100572045,1
2100572046,1
2100572047,1
2100572048,1
2100572050,1
2100572051,1
2100572054,1
2100572055,1
2100572056,1
2100572057,0
2100572058,1
2100572059,1
2100572060,1
2100572061,1
2100572062,1
2100572063,1
2100572064,1
2100572067,1
2100572068,1
2100572069,1
2100581001,0
2100581002,1
2100581003,1
2100581004,1
2100581005,1
2100581006,1
2100581007,1
2100581009,1
2100581010,1
2100581011,1
2100581012,1
2100581013,1
2100581014,1
2100581015,1
2100581018,1
2100581019,1
2100581021,0
2100581022,1
2100581024,1
2100581025,1
2100581026,1
2100581027,1
2100581028,1
2100581029,1
2100581030,1
2100581034,1
2100581035,1
2100581036,1
2100581037,1
2100581038,1
2100581039,1
2100581040,1
2100581041,1
2100581042,1
2100581044,1
2100581045,1
2100581051,1
2100581054,1
2100581056,1
2100581057,1
2100581058,1
2100581059,1
2100581061,1
2100581062,1
2100581064,1
2100581066,1
2100581067,1
2100581068,1
2100581069,1
2100581070,1
2100581071,1
2100581072,1
2100581073,1
2100581074,1
2100581075,1
2100581076,1
2100581077,1
2100582001,1
2100582002,1
2100582003,1
2100582004,1
2100582005,1
2100582006,1
2100582008,1
2100582009,1
2100582012,1
2100582013,1
2100582015,1
2100582017,1
2100582019,1
2100582020,1
2100582021,1
2100582023,1
2100582024,1
2100582025,1
2100582026,1
2100582027,0
2100582028,1
2100582038,1
2100582043,1
2100582044,1
2100582045,1
2100582046,1
2100582048,1
2100582050,1
2100582051,1
2100582052,0
2100582053,1
2100582054,1
2100582055,0
2100582056,0
2100582057,0
2100582058,0
2100582060,0
2100582061,0
2100582062,0
2100582064,1
2100582067,1
2100582069,1
2100591002,1
2100591003,1
2100591004,1
2100591005,1
2100591006,1
2100591007,1
2100591008,1
2100591010,1
2100591013,1
2100591015,1
2100591016,1
2100591017,1
2100591019,1
2100591020,1
2100591021,1
2100591022,1
2100591023,1
2100591025,1
2100591026,1
2100591027,1
2100591028,1
2100591030,1
2100591034,1
2100591035,1
2100591036,1
2100591037,1
2100591038,1
2100591039,1
2100591040,1
2100591041,1
2100591042,1
2100591043,1
2100591044,1
2100591045,1
2100591046,0
2100591047,1
2100591048,1
2100591049,1
2100591050,1
2100591053,1
2100591054,1
2100591055,1
2100591056,1
2100591057,1
2100591059,1
2100591060,1
2100591061,1
2100591062,1
2100591064,1
2100591065,1
2100591066,1
2100591067,1
2100591068,1
2100591069,1
2100591070,1
2100591072,1
2100591073,1
2100591074,1
2100591075,1
2100591076,1
2100591077,1
2100591078,1
2100591080,1
2100591081,1
2100591082,1
2100592002,1
2100592003,1
2100592004,1
2100592005,1
2100592007,1
2100592009,1
2100592010,1
2100592011,1
2100592012,1
2100592013,1
2100592014,1
2100592015,1
2100592016,1
2100592017,1
2100592018,1
2100592019,1
2100592020,1
2100592021,1
2100592022,1
2100592023,1
2100592024,1
2100592025,1
2100592026,1
2100592027,1
2100592028,1
2100592029,1
2100592030,1
2100592032,1
2100592033,1
2100592034,1
2100592035,1
2100592036,1
2100592038,1
2100592040,1
2100592041,1
2100592042,1
2100592043,1
2100592044,1
2100592046,1
2100592047,1
2100592048,1
2100592049,1
2100592052,1
2100592053,1
2100592054,1
2100592056,1
2100592057,1
2100592058,1
2100592059,1
2100592060,1
2100592064,1
2100592065,1
2100592066,1
2100592067,1
2100592068,1
2100592069,1
2100592070,1
2100592071,1
2100592072,1
2100601001,1
2100601002,1
2100601004,1
2100601005,1
2100601006,1
2100601007,1
2100601008,1
2100601009,1
2100601010,1
2100601011,1
2100601012,0
2100601013,1
2100601014,1
2100601015,1
2100601016,1
2100601017,1
2100601018,0
2100601020,1
2100601021,1
2100601023,1
2100601024,1
2100601025,1
2100601027,1
2100601028,1
2100601029,1
2100601030,1
2100601031,1
2100601032,1
2100601033,1
2100601035,1
2100601036,1
2100601037,1
2100601038,1
2100601039,1
2100601040,1
2100601041,1
2100601042,1
2100601043,1
2100601044,1
2100601045,1
2100601046,1
2100601049,1
2100601050,1
2100601052,1
2100601053,1
2100601054,1
2100601055,1
2100601056,1
2100601057,1
2100601059,1
2100601062,1
2100601063,1
2100601064,1
2100601065,1
2100601066,1
2100601067,1
2100601068,1
2100601069,1
2100601071,1
2100601073,1
2100601074,1
2100601075,1
2100601077,1
2100601078,1
2100602001,1
2100602002,1
2100602003,1
2100602004,1
2100602005,1
2100602006,1
2100602008,1
2100602009,1
2100602010,1
2100602011,1
2100602012,1
2100602014,1
2100602015,1
2100602017,1
2100602018,1
2100602019,1
2100602020,1
2100602022,1
2100602023,1
2100602024,1
2100602025,1
2100602026,1
2100602027,1
2100602028,1
2100602029,1
2100602030,1
2100602032,1
2100602033,1
2100602034,1
2100602035,1
2100602036,1
2100602038,1
2100602040,1
2100602041,0
2100602042,1
2100602043,1
2100602044,1
2100602046,1
2100602047,1
2100602049,1
2100602050,1
2100602051,1
2100602052,1
2100602053,1
2100602054,1
2100602056,1
2100602058,1
2100602059,1
2100602060,1
2100602061,1
2100602062,1
2100602063,1
2100602065,1
2100602067,1
2100602068,1
2100602069,1
2100602072,1
2100611002,1
2100611003,1
2100611004,1
2100611005,1
2100611006,1
2100611010,1
2100611011,1
2100611012,1
2100611013,1
2100611014,1
2100611015,1
2100611016,1
2100611017,1
2100611018,1
2100611019,1
2100611021,1
2100611023,1
2100611024,1
2100611025,1
2100611026,1
2100611027,0
2100611028,1
2100611029,1
2100611031,1
2100611032,1
2100611034,1
2100611035,1
2100611036,1
2100611037,1
2100611038,1
2100611039,1
2100611040,1
2100611041,1
2100611042,1
2100611043,1
2100611044,1
2100611045,1
2100611046,1
2100611047,1
2100611048,1
2100611049,1
2100611050,1
2100611051,1
2100611052,1
2100611055,1
2100611056,1
2100611057,1
2100611058,1
2100611059,1
2100611060,1
2100611061,1
2100611062,1
2100611063,1
2100611064,1
2100611066,1
2100611067,1
2100611068,1
2100611069,1
2100611070,1
2100611071,1
2100611075,1
2100611076,1
2100611077,1
2100611078,1
2100611079,1
2100611081,1
2100611083,1
2100612001,1
2100612002,1
2100612003,1
2100612005,1
2100612006,1
2100612007,1
2100612008,1
2100612009,0
2100612010,1
2100612011,1
2100612012,1
2100612014,1
2100612015,1
2100612020,1
2100612022,1
2100612024,1
2100612025,1
2100612026,1
2100612027,1
2100612028,1
2100612029,1
2100612030,1
2100612031,1
2100612033,1
2100612034,1
2100612035,1
2100612037,1
2100612038,1
2100612040,1
2100612041,1
2100612042,1
2100612043,1
2100612044,1
2100612045,1
2100612046,1
2100612047,1
2100612048,1
2100612051,1
2100612053,1
2100612056,1
2100612057,1
2100612058,1
2100612059,1
2100612060,1
2100612061,1
2100612062,1
2100612063,1
2100612064,1
2100612065,1
2100612066,1
2100612067,1
2100612068,1
2100612069,1
2100612070,1
2100612071,1
2100612072,1
2260510110,1
2260510113,1
2260510114,1
2260510115,1
2260510116,1
2260510118,1
2260510122,1
2260510124,1
2260510125,1
2260510126,1
2260510127,1
2260510129,1
226051013,1
2260510131,1
2260510134,1
2260510136,1
2260510138,1
2260510139,1
226051014,1
2260510140,1
2260510141,1
2260510142,1
2260510143,1
2260510146,1
2260510147,1
2260510148,1
2260510151,1
2260510152,1
2260510155,0
2260510156,1
2260510158,1
2260510159,1
226051016,1
2260510160,1
2260510162,1
2260510163,0
2260510167,1
2260510168,1
226051017,1
2260510172,1
2260510174,1
2260510176,1
2260510177,0
2260510180,1
2260510182,1
2260510183,1
2260510185,1
226051019,1
226051021,1
2260510212,1
2260510213,1
2260510214,1
2260510217,1
226051022,1
2260510220,1
2260510221,1
2260510222,1
2260510223,1
2260510227,1
2260510228,1
2260510229,1
226051023,1
2260510230,1
2260510231,1
2260510232,1
2260510233,1
2260510237,1
2260510238,1
2260510240,1
2260510241,1
2260510242,1
2260510243,1
2260510244,1
2260510247,1
2260510248,1
226051025,1
2260510250,1
2260510252,1
2260510253,1
2260510254,1
2260510257,1
2260510258,1
2260510259,1
226051026,1
2260510260,1
2260510262,1
2260510266,1
2260510267,1
226051027,1
2260510270,1
2260510271,1
2260510272,1
2260510276,1
2260510277,1
2260510278,1
240846010,1
240846011,1
2408460110,1
2408460111,1
2408460118,0
240846012,1
2408460120,1
2408460123,1
2408460125,1
2408460126,1
2408460127,1
2408460129,1
240846013,1
2408460130,1
2408460131,1
2408460132,1
2408460133,1
2408460134,1
2408460135,1
2408460137,0
2408460139,1
2408460143,1
2408460145,1
2408460146,1
2408460148,1
2408460149,1
240846015,1
2408460150,1
2408460151,1
2408460152,1
2408460154,1
2408460155,1
2408460156,1
2408460158,1
2408460159,1
240846016,1
2408460163,1
2408460166,1
240846017,1
240846018,1
240846019,1
2408460211,1
2408460212,1
2408460213,1
2408460215,1
2408460217,1
2408460219,1
240846022,1
2408460220,1
2408460221,1
2408460222,1
2408460223,1
2408460225,1
2408460226,1
2408460227,1
2408460229,1
240846023,1
2408460234,1
2408460236,1
2408460237,1
2408460238,1
240846024,1
2408460240,1
2408460242,1
2408460243,1
2408460244,1
2408460246,1
2408460247,1
2408460249,1
2408460252,1
2408460254,1
2408460255,1
2408460257,1
2408460260,1
2408460261,1
2408460265,1
2408460266,1
2408460268,1
2408460269,1
240846027,1
2408460271,1
2408460272,1
2408460274,1
2408460276,1
2408460277,1
2408460278,1
240846028,1
2408460280,1
240846029,1
24851011,1
248510111,1
248510112,1
248510114,1
248510116,1
248510117,1
248510118,1
248510119,1
248510120,1
248510125,1
248510127,1
248510128,1
248510129,1
24851013,1
248510131,1
248510136,1
248510137,1
24851014,1
248510142,1
248510147,1
248510148,1
24851015,1
248510150,1
248510151,1
248510153,1
248510155,1
248510156,1
248510157,1
248510160,1
248510161,1
248510163,1
248510164,1
248510167,1
248510170,1
24851018,1
24851019,1
248510211,1
248510212,1
248510213,1
248510214,1
248510215,1
248510216,1
24851022,1
248510220,1
248510223,1
248510225,1
248510227,1
248510229,1
248510230,1
248510232,1
248510233,1
248510235,1
248510236,1
24851024,1
248510241,1
248510242,1
248510245,1
248510246,1
248510248,1
248510249,1
248510250,1
248510251,1
248510253,1
248510255,1
248510256,1
248510259,1
24851026,1
248510260,1
248510262,1
248510264,1
248510265,1
248510267,1
248510268,1
24851027,1
248510271,1
248510272,1
248510273,1
248510276,1
248510278,1
24851028,1
2904280110,1
29042801110,1
29042801170,1
29042801180,1
2904280120,1
29042801220,1
29042801230,1
29042801250,1
29042801260,1
29042801290,1
29042801300,1
29042801320,1
29042801340,1
29042801350,1
29042801370,0
29042801390,1
2904280140,1
29042801440,1
29042801450,1
29042801470,1
29042801480,1
2904280150,1
29042801500,1
29042801550,1
29042801570,1
29042801580,1
2904280160,1
29042801600,1
29042801630,1
29042801640,1
29042801650,1
29042801680,1
29042801690,1
2904280170,1
29042801710,1
29042801740,1
29042801750,1
29042801770,1
29042801780,1
29042801790,1
2904280180,1
2904280190,1
29042802110,1
29042802140,1
29042802150,1
29042802180,1
29042802200,1
29042802220,1
29042802240,1
29042802260,1
29042802280,1
2904280230,1
29042802310,1
29042802320,1
29042802340,1
29042802350,1
29042802380,1
29042802390,1
29042802410,1
29042802420,1
29042802430,1
29042802440,1
29042802450,1
29042802460,1
29042802470,1
29042802480,1
2904280250,1
29042802500,1
29042802510,1
29042802520,1
29042802530,1
29042802560,1
29042802570,1
2904280260,0
29042802600,1
29042802640,1
29042802660,1
29042802670,1
29042802680,1
29042802690,1
2904280270,1
29042802700,1
29042802720,1
29042802740,1
29042802750,1
29042802760,1
29042802770,1
29042802790,1
2904280280,1
29042802800,1
29042802830,1
29042802860,1
2904280290,1
303830110,1
303830113,0
303830115,1
303830117,1
303830118,1
303830121,1
303830122,1
303830123,1
303830126,0
303830127,1
303830128,1
30383013,1
303830131,1
303830132,1
303830133,1
303830138,1
303830139,0
30383014,1
303830141,1
303830143,1
303830144,1
303830146,1
303830147,1
303830148,1
303830149,0
30383015,1
303830151,1
303830155,0
303830156,1
303830157,1
303830158,1
303830159,1
30383016,1
303830160,1
303830161,1
303830162,1
303830166,1
303830167,1
303830169,1
303830171,1
303830174,1
303830175,1
303830178,1
303830182,1
303830183,1
303830184,1
303830210,1
303830211,1
303830212,1
303830216,1
303830217,1
303830218,1
30383022,1
303830220,1
303830221,1
303830223,1
303830224,1
303830225,1
303830227,1
303830229,1
30383023,0
303830234,1
303830236,1
303830239,1
303830240,1
303830241,1
303830242,1
303830245,1
303830246,1
303830247,1
303830249,1
30383025,1
303830250,1
303830255,1
303830258,1
303830259,1
303830263,1
303830269,1
303830270,1
303830273,1
303830274,1
303830278,1
30383028,1
3100621001,1
3100621002,1
3100621003,1
3100621004,1
3100621005,1
3100621007,1
3100621009,1
3100621010,1
3100621011,1
3100621012,1
3100621013,1
3100621014,1
3100621016,1
3100621018,1
3100621019,1
3100621020,1
3100621022,1
3100621023,1
3100621024,1
3100621025,1
3100621026,1
3100621027,1
3100621028,1
3100621030,1
3100621031,1
3100621032,1
3100621033,1
3100621034,1
3100621035,1
3100621037,0
3100621039,1
3100621040,1
3100621041,1
3100621042,1
3100621043,1
3100621045,1
3100621046,1
3100621047,1
3100621048,1
3100621049,1
3100621051,1
3100621052,1
3100621053,1
3100621055,1
3100621057,1
3100621058,1
3100621059,1
3100621061,1
3100621062,1
3100621063,1
3100621064,1
3100622001,1
3100622002,1
3100622003,1
3100622006,1
3100622007,1
3100622008,1
3100622009,1
3100622011,1
3100622013,1
3100622015,1
3100622019,1
3100622020,1
3100622021,1
3100622023,1
3100622024,1
3100622026,1
3100622027,1
3100622033,1
3100622034,1
3100622036,1
3100622037,1
3100622038,1
3100622040,1
3100622041,1
3100622042,1
3100622043,1
3100622044,1
3100622045,1
3100622047,1
3100622048,1
3100622049,1
3100622051,1
3100622053,1
3100622054,1
3100622057,1
3100631001,1
3100631002,1
3100631003,1
3100631004,1
3100631005,1
3100631006,1
3100631008,1
3100631009,1
3100631010,1
3100631011,1
3100631013,1
3100631014,1
3100631015,1
3100631016,1
3100631018,1
3100631019,1
3100631022,1
3100631023,1
3100631025,1
3100631026,1
3100631027,1
3100631029,1
3100631032,1
3100631035,1
3100631037,1
3100631042,1
3100631043,1
3100631044,1
3100631045,1
3100631046,1
3100631047,1
3100631048,1
3100631049,1
3100631051,1
3100631052,1
3100631053,1
3100631054,1
3100631055,1
3100631056,1
3100631057,1
3100631058,1
3100631059,1
3100631062,1
3100632001,1
3100632002,1
3100632003,1
3100632004,1
3100632007,1
3100632008,1
3100632011,1
3100632012,1
3100632015,1
3100632016,1
3100632017,1
3100632018,1
3100632019,1
3100632021,1
3100632023,1
3100632024,1
3100632025,1
3100632026,1
3100632027,1
3100632030,1
3100632031,1
3100632039,1
3100632041,1
3100632042,1
3100632043,1
3100632044,1
3100632045,1
3100641002,1
3100641003,0
3100641004,0
3100641006,0
3100641007,1
3100641008,1
3100641023,0
3100642002,1
3100642003,1
3100642005,1
3100642006,1
3100642007,0
3100642008,1
3100642009,1
3100642011,1
3100642012,1
3100642013,1
3100642015,1
3100642017,0
3100642019,1
3100642020,1
3100642021,1
3100642022,1
3100642024,1
3100642025,1
3100642026,1
3100642027,1
3100642028,1
3100642030,1
3100642031,1
3100642032,1
3100642033,1
3100642034,1
3100642035,1
3100642036,0
3100642037,1
3100642038,1
3100642040,1
3100642045,1
3100642047,1
3100642052,1
3100642054,1
3100642055,0
3100642056,1
3100642057,1
3100642058,1
3100642060,1
3100642061,1
3100642063,1
3100642064,1
3100642066,1
3100642069,1
3100642070,1
3100661002,1
3100661007,1
3100661009,1
3100661015,1
3100661016,1
3100661022,1
3100661023,1
3100661024,1
3100661025,1
3100661027,1
3100661028,1
3100661029,1
3100661031,1
3100661032,1
3100661033,1
3100661036,1
3100661037,1
3100661038,1
3100661040,1
3100661043,1
3100661044,1
3100661046,1
3100661049,1
3100661050,1
3100662014,1
3100662015,1
3100662016,1
3100662017,1
3100662020,1
3100662022,1
3100662023,1
3100662026,1
3100662029,1
3100662032,1
3100662035,1
3100662036,1
3100662037,0
3100662045,1
3100662046,1
3100662048,1
3100662049,1
3100662050,1
3100662052,1
3100662053,1
3100662055,1
3100681001,1
3100681002,1
3100681005,1
3100681006,1
3100681015,0
3100681017,0
3100681018,0
3100681042,0
3100681043,1
3100681044,1
3100681045,1
3100681046,1
3100682001,1
3100682002,1
3100682003,1
3100682007,1
3100682008,1
3100682030,1
3100682040,1
3100691005,1
3100691006,1
3100691007,1
3100691011,1
3100691012,1
3100691021,1
3100691026,1
3100691042,1
3100691045,1
3100691048,1
3100692002,1
3100692005,1
3100692006,1
3100692007,1
3100692009,1
3100692010,1
3100692011,1
3100692012,1
3100692013,1
3100692015,0
3100692016,1
3100692020,1
3100692022,1
3100692023,1
3100692024,1
3100692025,1
3100692028,1
3100692029,1
3100692032,1
3100692034,1
3100692035,1
3100692038,1
3100692039,1
3100692045,1
3100692052,1
3100692054,1
3100692055,1
3100692056,1
3100701001,1
3100701002,1
3100701004,1
3100701005,1
3100701008,1
3100701009,1
3100701010,0
3100701011,1
3100701012,1
3100701013,1
3100701014,1
3100701015,1
3100701016,1
3100701019,1
3100701021,1
3100701022,1
3100701023,0
3100701024,1
3100701029,1
3100701031,1
3100701032,1
3100701036,1
3100701043,1
3100701044,1
3100701050,1
3100701051,1
3100701056,1
3100701057,1
3100701058,1
3100701061,1
3100701063,1
3100701072,1
3100701073,1
3100702004,1
3100702005,1
3100702006,1
3100702010,1
3100702012,1
3100702013,1
3100702016,1
3100702017,1
3100702019,1
3100702020,1
3100702021,1
3100702022,1
3100702023,1
3100702024,1
3100702025,1
3100702026,1
3100702027,1
3100702028,1
3100702029,1
3100702030,1
3100702031,1
3100702033,1
3100702034,1
3100702035,1
3100702036,1
3100702037,1
3100702038,0
3100702039,1
3100702040,1
3100702041,1
3100702043,1
3100702044,1
3100702045,1
3100702046,1
3100702047,1
3100702048,1
3100702051,1
3100702052,1
3100702054,1
3100702055,1
3100702059,1
3100702060,1
3100702061,1
3100702062,1
3100702063,1
3100702064,1
3100702065,1
3100702066,1
3100702067,1
3100702068,1
3100711007,1
3100711009,1
3100711042,1
3100711043,1
3100711049,1
3100711050,1
3100711051,1
3100711052,1
3100712014,1
3100721002,1
3100721003,1
3100721004,1
3100721005,1
3100721006,1
3100721007,1
3100721008,1
3100721011,1
3100721012,1
3100721013,1
3100721014,1
3100721015,1
3100721016,1
3100721018,1
3100721019,1
3100721020,1
3100721021,1
3100721022,1
3100721023,1
3100721024,1
3100721028,1
3100721029,1
3100721030,1
3100721031,0
3100721032,1
3100721033,1
3100721034,1
3100721036,1
3100721038,1
3100721039,1
3100721040,1
3100721041,1
3100721042,1
3100721044,1
3100721045,1
3100721046,1
3100721047,1
3100721048,1
3100721049,1
3100721050,1
3100721051,1
3100721052,1
3100721053,1
3100721054,1
3100721055,1
3100721056,1
3100721057,1
3100721058,1
3100721059,1
3100721060,1
3100721062,1
3100721063,1
3100721064,1
3100721065,1
3100721066,1
3100721068,1
3100721070,1
3100721071,1
3100721072,1
3100722003,1
3100722004,1
3100722005,1
3100722006,1
3100722007,1
3100722012,1
3100722013,1
3100722014,1
3100722016,1
3100722017,1
3100722020,1
3100722021,1
3100722022,1
3100722023,1
3100722024,1
3100722025,1
3100722026,1
3100722027,1
3100722030,1
3100722031,1
3100722032,1
3100722033,1
3100722034,1
3100722036,1
3100722038,1
3100722039,1
3100722040,1
3100722042,1
3100722044,1
3100722045,1
3100722046,1
3100722047,1
3100722048,1
3100722054,1
3100722055,1
3100722057,1
3100722059,1
3100722061,1
3100722062,1
3100722063,1
3100722064,1
3100722065,1
3100722066,1
3100722067,1
3100722068,1
3100722069,1
3100722070,1
3100722072,1
3100722073,1
3100722074,1
3100722076,1
3100722077,1
3100722078,1
3100722079,1
3100731001,1
3100731006,1
3100731007,1
3100731008,1
3100731009,1
3100731011,1
3100731012,1
3100731013,1
3100731014,1
3100731025,1
3100731026,1
3100731028,1
3100731029,1
3100731030,1
3100731031,1
3100731037,1
3100731038,1
3100731050,1
3100731052,1
3100731054,1
3100731056,1
3100731057,1
3100731058,1
3100732001,1
3100732002,1
3100732003,1
3100732006,1
3100732013,1
3100732014,1
3100732015,1
3100732017,1
3100732018,1
3100732020,1
3100732021,1
3100732022,1
3100732023,1
3100732025,1
3100732027,1
3100732028,1
3100732029,1
3100732031,1
3100732036,1
3100732040,1
3100732041,1
3100732042,1
3100732067,1
3100741001,1
3100741002,1
3100741003,1
3100741004,1
3100741011,1
3100741012,1
3100741013,1
3100741014,1
3100741016,1
3100741017,1
3100741018,1
3100741019,1
3100741020,1
3100741022,1
3100741023,1
3100741024,1
3100741025,1
3100741026,1
3100741027,1
3100741028,1
3100741029,1
3100741030,1
3100741032,1
3100741034,1
3100741035,1
3100741036,1
3100741037,1
3100741038,1
3100741039,1
3100741042,1
3100741043,1
3100741044,1
3100741045,1
3100741047,1
3100741049,1
3100741053,1
3100741054,1
3100741056,1
3100741057,1
3100741058,1
3100741059,1
3100741060,1
3100741061,1
3100741063,1
3100741064,1
3100741065,1
3100741066,0
3100741068,1
3100741069,1
3100741070,1
3100741071,1
3100741072,1
3100741073,1
3100741074,1
3100741075,1
3100741076,1
3100741077,1
3100741079,1
3100742001,1
3100742003,1
3100742004,1
3100742005,1
3100742007,1
3100742010,1
3100742011,1
3100742012,1
3100742013,1
3100742014,1
3100742015,1
3100742016,1
3100742018,1
3100742020,1
3100742021,1
3100742022,1
3100742023,1
3100742024,1
3100742025,1
3100742027,1
3100742028,1
3100742033,1
3100742034,1
3100742037,1
3100742038,1
3100742041,1
3100742042,1
3100742044,1
3100742045,1
3100742046,1
3100742047,1
3100742048,1
3100742050,1
3100742051,1
3100742052,1
3100742053,1
3100742054,1
3100742055,1
3100742056,1
3100742057,1
3100742058,0
3100742059,1
3100742060,1
3100742061,1
3100742062,1
3100742063,1
3100742065,1
3100742067,1
3100742068,1
3100751003,1
3100751004,1
3100751005,1
3100751006,0
3100751007,0
3100751008,0
3100751009,1
3100751010,0
3100751011,1
3100751012,0
3100751014,1
3100751015,1
3100751016,1
3100751017,1
3100751018,1
3100751019,0
3100751020,1
3100751021,1
3100751022,1
3100751024,1
3100751026,1
3100751027,1
3100751028,1
3100751032,1
3100751033,1
3100751034,1
3100751035,1
3100751037,1
3100751039,1
3100751040,1
3100751041,1
3100751043,1
3100751044,1
3100751045,1
3100751048,1
3100751050,1
3100751055,1
3100751056,0
3100751057,0
3100751058,1
3100751059,1
3100751063,1
3100751064,1
3100751065,1
3100751068,1
3100751069,1
3100751070,1
3100751072,1
3100751073,1
3100751074,1
3100751075,1
3100751076,1
3100751077,1
3100751078,1
3100751079,1
3100752001,1
3100752002,1
3100752003,1
3100752004,1
3100752005,1
3100752007,1
3100752008,1
3100752009,1
3100752010,1
3100752012,1
3100752014,0
3100752015,1
3100752016,1
3100752017,1
3100752018,1
3100752019,1
3100752020,1
3100752021,0
3100752022,1
3100752023,1
3100752026,1
3100752027,1
3100752029,1
3100752030,0
3100752032,1
3100752034,1
3100752035,1
3100752036,1
3100752037,0
3100752038,1
3100752039,1
3100752040,1
3100752041,1
3100752042,1
3100752043,1
3100752044,1
3100752045,1
3100752046,1
3100752047,1
3100752048,0
3100752049,1
3100752050,1
3100752051,0
3100752052,1
3100752054,1
3100752055,0
3100752056,1
3100752057,1
3100752058,1
3100752059,1
3100752060,1
3100752061,1
3100752063,1
3100752068,1
3100761003,0
3100761004,1
3100761005,0
3100761007,1
3100761008,0
3100761013,1
3100761014,1
3100761015,1
3100761016,1
3100761017,1
3100761019,1
3100761020,1
3100761021,1
3100761023,1
3100761027,1
3100761028,1
3100761029,1
3100761030,1
3100761031,1
3100761034,1
3100761042,1
3100761046,1
3100761047,1
3100761048,1
3100761049,1
3100761050,1
3100761051,1
3100761056,1
3100761062,1
3100761063,1
3100762003,1
3100762004,0
3100762005,1
3100762007,1
3100762012,1
3100762013,1
3100762016,1
3100762027,0
3100762029,1
3100762030,0
3100762052,1
3100762053,1
3100762055,0
3100771001,0
3100771002,1
3100771003,1
3100771005,1
3100771007,0
3100771008,1
3100771009,1
3100771012,1
3100771014,1
3100771016,1
3100771018,1
3100771019,1
3100771020,1
3100771021,1
3100771022,1
3100771024,1
3100771027,1
3100771028,1
3100771029,1
3100771030,1
3100771031,1
3100771032,1
3100771033,1
3100771034,1
3100771036,1
3100771037,1
3100771039,1
3100771040,1
3100771041,1
3100771042,1
3100771043,1
3100771046,1
3100771047,1
3100771048,1
3100771049,1
3100771050,1
3100771052,1
3100771054,1
3100771055,1
3100771056,1
3100771057,1
3100771058,1
3100771059,1
3100771062,1
3100771063,1
3100771064,1
3100771065,1
3100771066,1
3100771067,1
3100771068,1
3100771069,1
3100771071,1
3100771072,1
3100771073,1
3100771075,1
3100771076,1
3100771077,1
3100771078,1
3100771080,1
3100771081,1
3100772002,1
3100772004,1
3100772005,1
3100772006,1
3100772007,1
3100772008,1
3100772009,1
3100772010,1
3100772011,1
3100772013,1
3100772014,1
3100772015,1
3100772018,1
3100772019,1
3100772020,1
3100772021,1
3100772022,1
3100772023,1
3100772024,1
3100772025,1
3100772026,1
3100772027,1
3100772028,1
3100772029,1
3100772031,1
3100772032,1
3100772033,1
3100772034,1
3100772035,1
3100772036,1
3100772037,1
3100772039,1
3100772040,1
3100772041,1
3100772042,1
3100772043,1
3100772045,1
3100772046,1
3100772048,1
3100772050,1
3100772051,0
3100772052,1
3100772053,1
3100772054,1
3100772055,1
3100772056,1
3100772058,1
3100772059,1
3100772063,1
3100772065,1
3100772066,1
3100772067,1
3100772068,1
3100772069,1
3100781001,1
3100781002,0
3100781004,1
3100781006,1
3100781007,0
3100781008,1
3100781009,1
3100781010,1
3100781011,1
3100781013,1
3100781015,1
3100781016,1
3100781017,1
3100781019,1
3100781020,1
3100781021,1
3100781023,1
3100781024,1
3100781027,1
3100781029,1
3100781030,1
3100781031,1
3100781032,1
3100781033,1
3100781034,0
3100781036,1
3100781038,1
3100781040,1
3100781041,1
3100781043,1
3100781044,1
3100781046,1
3100781047,1
3100781048,1
3100781051,1
3100781052,1
3100781053,1
3100781054,1
3100781055,1
3100781056,1
3100781057,1
3100781058,1
3100781059,1
3100781061,1
3100781062,1
3100781064,1
3100781065,1
3100781066,1
3100781068,1
3100781069,1
3100781070,1
3100781071,1
3100781073,1
3100781074,1
3100781075,1
3100781076,1
3100781078,1
3100781079,1
3100781080,1
3100781081,1
3100782001,1
3100782003,1
3100782004,1
3100782005,1
3100782006,1
3100782008,1
3100782010,1
3100782011,1
3100782012,1
3100782013,1
3100782014,1
3100782015,1
3100782016,1
3100782017,1
3100782018,1
3100782019,1
3100782021,1
3100782022,1
3100782023,1
3100782024,1
3100782025,1
3100782026,1
3100782027,1
3100782028,1
3100782031,1
3100782032,1
3100782033,1
3100782035,1
3100782036,1
3100782037,1
3100782038,1
3100782039,1
3100782042,1
3100782043,1
3100782045,1
3100782046,1
3100782047,1
3100782049,1
3100782050,1
3100782053,1
3100782054,1
3100782055,1
3100782057,1
3100782058,1
3100782059,1
3100782061,1
3100782062,1
3100782063,1
3100782064,1
3100782065,1
3100782066,1
3100782067,0
3100782068,1
3100782069,1
3100782071,1
3100782072,1
3100791004,1
3100791006,1
3100791007,1
3100791008,1
3100791016,1
3100791018,1
3100791020,1
3100791021,1
3100791026,1
3100791028,1
3100791031,1
3100791033,1
3100791034,1
3100791035,1
3100791042,1
3100791044,1
3100791045,1
3100791046,1
3100791047,1
3100791049,1
3100791050,1
3100791052,1
3100791054,1
3100791056,1
3100791058,0
3100791059,1
3100791060,1
3100791061,1
3100791062,1
3100791063,1
3100791064,1
3100791065,1
3100791066,1
3100791067,1
3100791069,1
3100791070,1
3100791071,1
3100791072,1
3100791073,1
3100792002,1
3100792003,1
3100792004,1
3100792005,1
3100792006,1
3100792007,1
3100792008,1
3100792009,1
3100792010,1
3100792011,1
3100792013,1
3100792014,1
3100792015,1
3100792016,1
3100792019,1
3100792020,1
3100792021,1
3100792022,1
3100792023,1
3100792024,1
3100792025,1
3100792027,1
3100792028,1
3100792030,1
3100792031,1
3100792032,1
3100792033,1
3100792035,1
3100792036,1
3100792037,1
3100792038,1
3100792039,1
3100792040,1
3100792041,1
3100792042,1
3100792043,1
3100792044,1
3100792045,0
3100792046,1
3100792048,1
3100792050,1
3100792051,1
3100792052,1
3100792053,1
3100792057,1
3100792058,1
3100792060,1
3100792069,1
3100801006,1
3100802001,1
3100802028,1
3100811002,1
3100811018,1
3100811027,1
3100811034,1
3100811035,1
3100811036,1
3100811037,1
3100811038,1
3100811039,1
3100811040,1
3100811041,1
3100811042,1
3100811043,1
3100811045,1
3100811046,1
3100811047,1
3100811050,1
3100811051,1
3100811053,1
3100811054,1
3100811055,1
3100811056,1
3100811059,1
3100811060,1
3100811061,1
3100811063,1
3100811068,1
3100811075,1
3100812003,1
3100812004,1
3100812005,1
3100812006,1
3100812007,1
3100812008,1
3100812013,1
3100812014,1
3100812016,1
3100812017,1
3100812018,1
3100812019,1
3100812020,1
3100812021,1
3100812026,1
3100812027,1
3100812028,0
3100812040,1
3100821004,1
3100821015,1
3100821016,1
3100821019,1
3100821020,1
3100821021,1
3100821022,0
3100821030,1
3100821031,1
3100821032,0
3100821033,0
3100821034,1
3100821035,1
3100821036,1
3100821037,1
3100821038,0
3100821039,1
3100821040,1
3100821041,1
3100821042,1
3100821045,1
3100821046,1
3100821047,1
3100821048,0
3100821049,1
3100821051,1
3100821052,0
3100821054,1
3100821055,1
3100821057,0
3100821067,1
3100821068,1
3100821069,0
3100821075,0
3100822001,1
3100822011,0
3100822012,1
3100822014,1
3100822030,1
3100822031,0
3100822044,1
3100822050,1
3100822051,1
3100822057,1
3100822058,1
3100822059,1
3100822064,1
3100822065,0
3100822066,0
3100822067,1
3100822068,1
3100822069,1
3100822070,1
3100822075,1
3100822080,1
3100831003,1
3100831004,1
3100831006,1
3100831007,1
3100831008,1
3100831010,1
3100831011,1
3100831013,1
3100831014,1
3100831015,1
3100831016,1
3100831018,1
3100831019,1
3100831020,1
3100831022,1
3100831024,1
3100831026,1
3100831027,1
3100831028,1
3100831029,1
3100831032,1
3100831033,1
3100831035,1
3100831036,1
3100831037,1
3100831044,1
3100831045,1
3100831046,1
3100831047,1
3344630110,1
33446301100,1
33446301101,1
33446301103,1
33446301104,1
33446301107,1
3344630112,1
3344630113,1
3344630115,1
3344630116,1
3344630117,1
3344630119,1
334463012,1
3344630120,1
3344630121,0
3344630127,1
3344630130,1
3344630131,0
3344630132,1
3344630133,1
3344630136,1
3344630139,1
334463014,1
3344630140,1
3344630141,1
3344630142,1
3344630143,1
3344630146,1
3344630147,1
3344630148,1
3344630149,1
3344630150,1
3344630151,1
3344630153,1
3344630156,1
3344630161,1
3344630162,0
3344630163,1
3344630164,1
3344630166,1
3344630170,1
3344630171,1
3344630172,1
3344630173,1
3344630176,1
3344630179,1
3344630180,1
3344630181,1
3344630182,1
3344630184,1
3344630185,1
3344630186,1
3344630188,1
3344630189,1
334463019,1
3344630190,1
3344630196,1
3344630197,1
3344630198,1
3344630199,1
334463021,1
3344630210,1
3344630211,0
3344630213,1
3344630215,1
3344630216,1
3344630219,1
334463022,1
3344630220,1
3344630221,1
3344630224,1
3344630225,1
3344630226,1
3344630231,1
3344630232,1
3344630233,1
3344630236,1
3344630238,1
3344630240,1
3344630241,1
3344630242,1
3344630243,1
3344630245,1
3344630247,1
3344630248,1
334463025,1
3344630251,1
3344630252,1
3344630255,1
3344630257,1
334463026,1
3344630260,1
3344630262,1
3344630264,1
3344630265,1
3344630266,1
3344630267,1
334463027,1
3344630270,1
3344630271,1
3344630273,1
3344630276,1
3344630278,1
334463028,1
3344630280,1
3344630281,1
3344630282,0
334463029,1
33702101100,1
33702101110,1
33702101130,1
33702101140,1
33702101150,1
33702101180,1
33702101200,1
33702101210,1
33702101250,1
33702101260,1
33702101270,1
33702101280,1
33702101290,1
33702101300,1
33702101340,1
33702101350,1
33702101360,1
33702101370,1
33702101410,1
33702101430,1
33702101450,1
33702101460,1
33702101470,1
33702101480,1
33702101490,1
3370210150,1
33702101500,1
33702101530,1
33702101540,1
33702101550,1
33702101580,1
33702101590,1
33702101600,1
33702101620,1
33702101630,1
33702101640,1
33702101650,1
33702101660,1
33702101700,1
33702101710,1
33702101730,1
33702101740,1
33702101750,1
33702101760,1
3370210180,1
33702102100,1
33702102110,1
33702102130,1
33702102140,1
33702102160,1
33702102170,1
33702102180,1
33702102190,1
33702102200,1
33702102220,1
33702102230,1
33702102240,1
33702102250,1
33702102280,1
3370210230,1
33702102300,1
33702102310,1
33702102330,1
33702102350,1
33702102390,1
3370210240,1
33702102400,1
33702102420,1
33702102430,1
33702102470,1
33702102500,1
33702102530,1
33702102540,1
33702102550,1
33702102570,1
33702102580,1
33702102590,1
3370210260,1
33702102600,1
33702102640,1
33702102670,1
33702102690,1
33702102710,1
33702102740,1
3370210280,1
33702102820,1
33702102840,1
33702102850,1
33702102870,1
33702102880,1
342227010,1
342227011,1
3422270111,0
3422270112,1
3422270115,1
3422270116,1
3422270117,1
3422270118,1
3422270121,1
3422270122,1
3422270123,1
3422270126,1
3422270127,1
3422270128,1
3422270129,0
342227013,1
3422270130,1
3422270131,1
3422270133,1
3422270134,1
3422270135,1
3422270138,1
3422270139,1
3422270140,1
3422270141,1
3422270142,1
3422270143,1
3422270144,1
3422270149,1
3422270151,1
3422270152,1
3422270153,1
3422270154,1
3422270155,1
3422270157,1
3422270158,1
3422270160,1
3422270165,1
3422270166,1
3422270167,0
3422270168,1
3422270169,1
3422270171,1
3422270172,1
342227020,1
342227021,1
3422270210,1
3422270211,1
3422270212,1
3422270213,1
3422270215,1
3422270216,1
3422270217,1
3422270219,1
3422270220,1
3422270221,1
3422270222,1
3422270223,1
3422270224,1
3422270225,1
3422270227,1
342227023,1
3422270230,1
3422270238,1
3422270239,1
342227024,1
3422270240,1
3422270241,1
3422270242,1
3422270244,1
3422270245,1
3422270246,1
3422270247,1
3422270249,1
342227025,1
3422270250,1
3422270251,1
3422270252,1
3422270253,1
3422270254,1
3422270255,1
3422270256,1
3422270257,1
3422270261,1
3422270262,1
3422270263,1
3422270264,1
3422270267,1
3422270268,1
3422270269,1
342227027,1
3422270274,1
3422270278,1
3422270279,1
3422270280,1
3422270281,1
342227029,1
350361011,1
3503610110,1
3503610111,1
3503610112,1
3503610113,1
3503610114,1
3503610115,1
3503610116,1
3503610117,1
3503610118,1
3503610119,1
350361012,1
3503610120,1
3503610121,1
3503610122,1
3503610123,1
3503610124,1
3503610125,1
3503610126,1
3503610127,1
3503610128,1
3503610129,1
350361013,1
3503610130,1
3503610131,1
3503610132,1
3503610133,1
3503610134,1
3503610135,1
3503610136,1
3503610137,1
3503610138,1
3503610139,1
350361014,1
3503610140,1
3503610141,1
3503610142,1
3503610143,1
3503610144,1
3503610145,1
3503610146,1
3503610147,1
3503610148,1
3503610149,1
350361015,1
3503610150,1
3503610151,1
3503610152,1
3503610154,1
3503610156,1
3503610157,1
3503610158,0
350361016,1
3503610163,1
3503610168,0
350361017,1
350361019,1
350361021,1
3503610210,1
3503610212,1
3503610213,1
3503610214,1
3503610217,1
350361022,1
3503610223,1
3503610224,1
3503610225,1
3503610226,1
3503610227,1
3503610228,1
350361023,1
3503610230,1
3503610231,1
3503610233,1
3503610234,1
3503610235,1
3503610236,1
3503610237,1
3503610238,1
350361024,1
3503610240,1
3503610241,1
3503610242,1
3503610245,1
3503610246,1
3503610248,1
3503610250,1
3503610251,1
3503610252,1
3503610253,1
3503610254,1
3503610255,1
3503610256,1
3503610257,1
350361026,1
3503610260,1
3503610261,1
3503610264,1
3503610265,1
3503610266,1
3503610267,1
3503610268,1
3503610269,1
3503610270,1
3503610272,1
3503610273,1
3503610275,1
3503610276,1
3503610277,1
3503610278,1
3503610279,1
350361028,0
350361029,1
4000181002,1
4000181004,0
4000181005,1
4000181006,1
4000181007,1
4000181008,1
4000181010,1
4000181011,1
4000181012,1
4000181013,1
4000181014,1
4000181015,0
4000181016,1
4000181017,1
4000181019,1
4000181020,1
4000181022,1
4000181023,1
4000181024,1
4000181026,1
4000181027,1
4000181028,1
4000181029,1
4000181030,1
4000181031,1
4000181032,1
4000181033,1
4000181035,1
4000181036,1
4000181037,1
4000181039,1
4000181041,1
4000181042,1
4000181043,1
4000181044,1
4000181045,1
4000181046,1
4000181047,1
4000181048,1
4000181049,1
4000181053,1
4000181054,1
4000181055,1
4000181056,1
4000181057,1
4000181060,1
4000181061,1
4000181062,1
4000181063,1
4000181064,1
4000181065,1
4000181066,1
4000181067,1
4000181068,1
4000181069,1
4000181070,1
4000181072,1
4000181073,1
4000181074,1
4000181075,1
4000181076,1
4000181077,1
4000181078,1
4000181079,1
4000181080,1
4000182003,1
4000182004,1
4000182005,1
4000182006,1
4000182007,1
4000182008,1
4000182009,1
4000182010,1
4000182011,1
4000182013,1
4000182014,1
4000182015,1
4000182016,1
4000182017,1
4000182018,1
4000182020,1
4000182022,1
4000182024,1
4000182025,1
4000182026,1
4000182027,1
4000182028,1
4000182029,1
4000182030,1
4000182031,1
4000182032,1
4000182033,1
4000182035,0
4000182036,1
4000182037,1
4000182038,1
4000182039,1
4000182040,1
4000182041,1
4000182042,1
4000182044,1
4000182046,1
4000182047,1
4000182049,1
4000182050,1
4000182051,1
4000182053,1
4000182054,1
4000182055,1
4000182058,1
4000182059,1
4000182060,1
4000182062,1
4000182063,1
4000182064,1
4000182067,1
4000182068,1
4000182069,1
401835011,1
4018350112,1
4018350115,1
4018350116,1
4018350118,1
4018350119,1
4018350120,1
4018350121,1
4018350122,1
4018350126,1
4018350127,1
401835013,1
4018350130,1
4018350132,1
4018350134,1
4018350136,1
4018350137,1
4018350138,1
4018350139,1
4018350140,1
4018350141,1
4018350143,1
4018350144,1
4018350145,1
4018350146,1
4018350147,1
4018350149,1
401835015,0
4018350150,1
4018350152,1
4018350156,1
4018350157,1
4018350159,1
4018350160,1
4018350161,1
4018350162,1
4018350163,1
4018350166,1
4018350167,1
401835017,1
401835018,1
401835021,1
4018350213,1
4018350215,1
4018350217,1
4018350219,1
4018350220,1
4018350221,1
4018350222,1
4018350223,1
4018350224,1
4018350225,1
4018350226,1
4018350227,1
4018350231,1
4018350232,1
4018350233,1
4018350234,1
4018350236,1
4018350239,1
401835024,1
4018350240,1
4018350241,1
4018350244,1
4018350247,1
4018350251,1
4018350254,1
4018350256,1
4018350257,1
4018350258,1
4018350259,1
4018350260,1
4018350261,1
4018350263,1
4018350268,1
4018350269,1
4018350274,1
4018350276,1
4018350277,1
4018350279,1
401835028,1
4018350281,1
4018350282,0
4110211001,0
4110211004,0
4110211005,0
4110211006,1
4110211007,1
4110211008,1
4110211009,1
4110211011,1
4110211013,0
4110211014,0
4110211015,0
4110211016,1
4110211018,1
4110211019,1
4110211020,1
4110211021,0
4110211022,0
4110211023,0
4110211024,1
4110211025,0
4110211026,1
4110211027,0
4110211028,0
4110211030,1
4110211032,1
4110211033,1
4110211034,1
4110211035,1
4110211036,0
4110211037,1
4110211038,0
4110211039,0
4110211040,0
4110211041,1
4110211043,1
4110211044,1
4110211045,0
4110211046,1
4110211047,1
4110211048,1
4110211049,1
4110211050,1
4110211051,1
4110211052,1
4110211053,0
4110211054,1
4110211055,0
4110211056,1
4110211057,1
4110211058,1
4110211060,1
4110211061,0
4110211062,1
4110211063,1
4110211064,1
4110211065,1
4110211067,1
4110211068,1
4110211072,1
4110211073,1
4110211075,0
4110211076,1
4110211078,0
4110211079,1
4110211080,1
4110212003,1
4110212004,1
4110212007,1
4110212008,1
4110212009,1
4110212010,1
4110212011,1
4110212013,1
4110212014,1
4110212015,1
4110212016,1
4110212017,1
4110212018,1
4110212019,1
4110212021,1
4110212023,1
4110212024,1
4110212026,1
4110212027,1
4110212029,1
4110212030,1
4110212033,1
4110212034,0
4110212035,1
4110212036,0
4110212038,1
4110212039,1
4110212041,1
4110212042,1
4110212044,1
4110212045,1
4110212046,1
4110212047,1
4110212049,0
4110212050,1
4110212051,0
4110212052,1
4110212053,1
4110212054,1
4110212055,1
4110212056,1
4110212059,1
4110212061,1
4110212062,0
4110212063,1
4110212064,1
4110212069,1
4110311001,1
4110311003,1
4110311004,1
4110311005,1
4110311006,0
4110311012,1
4110311015,1
4110311017,1
4110311018,1
4110311019,1
4110311020,1
4110311021,1
4110311023,0
4110311030,1
4110311031,1
4110311032,1
4110311033,1
4110311034,1
4110311036,1
4110311037,1
4110311038,1
4110311042,1
4110311043,1
4110311044,1
4110311045,0
4110311046,1
4110311048,0
4110311049,1
4110311050,1
4110311053,1
4110311054,0
4110311057,1
4110311061,1
4110311062,0
4110311064,1
4110311065,1
4110311067,1
4110311068,1
4110311072,1
4110312006,1
4110312007,1
4110312008,1
4110312009,0
4110312013,1
4110312023,1
4110312024,1
4110312025,1
4110312027,1
4110312030,1
4110312031,1
4110312048,1
4110312049,1
4110312078,1
414081010,1
414081011,1
4140810110,1
4140810114,1
4140810117,1
4140810122,1
4140810124,1
4140810125,1
4140810126,1
4140810127,1
4140810128,1
4140810129,1
414081013,1
4140810132,1
4140810133,1
4140810135,1
4140810136,1
4140810138,1
4140810139,1
4140810140,1
4140810142,1
4140810143,1
4140810144,1
4140810145,1
4140810146,1
4140810148,1
414081015,1
4140810150,1
4140810151,1
4140810152,1
4140810153,0
4140810154,1
4140810158,1
4140810159,1
414081016,1
4140810162,0
4140810163,1
4140810164,1
4140810165,1
414081017,1
4140810171,1
4140810173,1
4140810175,1
4140810176,1
4140810179,1
414081018,1
4140810180,1
4140810181,1
4140810182,1
4140810183,1
4140810184,1
4140810185,1
414081019,1
414081021,1
4140810210,0
4140810211,1
4140810212,1
4140810215,1
4140810217,0
4140810219,0
4140810220,1
4140810221,1
4140810222,1
4140810223,1
4140810224,1
4140810225,1
4140810226,1
4140810228,1
4140810229,1
414081023,1
4140810230,1
4140810233,1
4140810234,1
4140810237,1
4140810239,1
4140810240,1
4140810242,1
4140810244,1
4140810246,1
4140810247,1
4140810249,1
414081025,1
4140810250,1
4140810251,1
4140810252,1
4140810253,1
4140810254,1
4140810255,1
4140810256,1
4140810257,1
4140810258,1
4140810259,1
414081026,1
4140810264,1
4140810265,1
4140810266,1
4140810268,1
4140810269,1
414081027,1
4140810270,1
4140810271,1
4140810272,0
4140810273,1
4140810274,1
4140810276,1
4140810277,1
4140810278,1
4140810279,1
414081028,1
4140810280,1
414081029,1
459999011,1
4599990110,1
4599990112,1
4599990113,1
4599990114,1
4599990116,1
4599990117,1
4599990118,1
4599990119,1
459999012,1
4599990120,1
4599990125,1
4599990126,1
4599990128,1
4599990129,1
459999013,1
4599990130,1
4599990131,1
4599990132,0
4599990133,1
4599990134,1
4599990136,1
4599990137,1
4599990139,1
4599990141,1
4599990144,1
4599990146,1
4599990148,1
4599990149,1
4599990153,1
4599990154,1
4599990155,1
459999016,1
4599990163,1
4599990165,1
4599990166,1
4599990168,1
459999017,1
4599990171,1
459999021,1
4599990211,1
4599990212,1
4599990214,1
4599990216,1
4599990218,1
459999022,1
4599990221,1
4599990222,1
4599990223,1
4599990224,1
4599990226,1
4599990231,1
4599990233,1
4599990234,1
4599990235,0
4599990238,1
459999024,1
4599990240,1
4599990241,1
4599990243,1
4599990244,1
4599990245,1
4599990246,1
4599990247,1
4599990248,1
4599990249,1
459999025,1
